branch,purpose,write_set,gate
main,stable_MAK_baseline,approved_source_docs,health_doctor_ast_runtime
codex/rd/field-review,RD_candidate_decision,review_manifest_rd_datos_tests,human_data_privacy_authority
codex/rd/runtime,RD_routes_mutators,hub_rd_routes_rollback_tests,fixture_authorized_foreground
codex/flujo/event-bridge,EVENTO_issue_URL,bridge_config_tests,provider_issue_contract
codex/rd/assets,RD_asset_contract,asset_manifests_index_render,read_fixture_export
codex/mak/ownership,physical_architecture,owner_manifests_launchers_refs,parity_import_unit
codex/tools/consolidation,equivalent_tools,one_tool_family_rollback,consumer_focused_tests
codex/cleanup/confirmed-junk,reversible_cleanup,exact_ledger_quarantine,pre_post_invariant
codex/release/full-audit,objective_closeout,matrix_handoff_checks,all_gates
