slice,evidence,local_state,external_boundary,real_mutation
asset_index_grouping,347-349,verified_and_minimally_fixed,none,none
svg_validation,350,verified,visual_QA_Illustrator,none
zip_delivery_export,351,verified_in_temp_project,Photoshop_Illustrator_Blender,temp_only
zip_intake_guards,352,verified_and_gated,IMAP_airdrop_disabled,temp_only
bilingual_email_parser,353,verified_pure_parser,Instagram_download_pipeline,none
json_intake_schema,354,verified_pure_validator,job_project_writes,temp_read_only
job_prepare_status,355,verified_in_temp_repo,real_jobs,temp_only
job_activation,356,verified_in_temp_repo,renderer,temp_only
render_input_catalog,357,verified_pre_render,render_engines,temp_read_only
